{
  "code": 0,
  "msg": "",
  "count": 10,
  "data": [
    {
    "id": "INSDFSF123",
    "brandId": 3,
    "productCategoryId": 19,
    "feightTemplateId": 0,
    "productAttributeCategoryId": 3,
    "name": "支路无异常 ",
    "pic": "运行",
    "productSn": "1231",
    "deleteStatus": 0,
    "publishStatus": 1,
    "newStatus": 1,
    "recommandStatus": 1,
    "verifyStatus": 0,
    "sort": 100,
    "sale": 0,
    "price": 88.21,
    "status":"12%",
    "promotionPrice": null,
    "giftGrowth": 3788,
    "giftPoint": 3788,
    "usePointLimit": 0,
    "subTitle": "AI智慧全面屏 6GB +64GB 亮黑色 全网通版 移动联通电信4G手机 双卡双待手机 双卡双待",
    "originalPrice": 4288.00,
    "stock": 1000,
    "lowStock": 12312,
    "unit": "件",
    "weight": 0.00,
    "previewStatus": 1,
    "serviceIds": "2,3,1",
    "keywords": "",
    "note": "",
    "albumPics": "http://macro-oss.oss-cn-shenzhen.aliyuncs.com/mall/images/20180607/5ab46a3cN616bdc41.jpg,http://macro-oss.oss-cn-shenzhen.aliyuncs.com/mall/images/20180607/5ac1bf5fN2522b9dc.jpg",
    "detailTitle": "",
    "promotionStartTime": null,
    "promotionEndTime": null,
    "promotionPerLimit": 0,
    "promotionType": 1,
    "brandName": "华为",
    "productCategoryName": "手机通讯",
    "description": null,
    "detailDesc": null,
    "detailHtml": null,
    "detailMobileHtml": null
  },  {
    "id": "INSDFSF123",
    "brandId": 3,
    "productCategoryId": 19,
    "feightTemplateId": 0,
    "productAttributeCategoryId": 3,
    "name": "支路无异常 ",
    "pic": "运行",
    "productSn": "1231",
    "deleteStatus": 0,
    "publishStatus": 1,
    "newStatus": 1,
    "recommandStatus": 1,
    "verifyStatus": 0,
    "sort": 100,
    "sale": 0,
    "price": 88.21,
    "status":"12%",
    "promotionPrice": null,
    "giftGrowth": 3788,
    "giftPoint": 3788,
    "usePointLimit": 0,
    "subTitle": "AI智慧全面屏 6GB +64GB 亮黑色 全网通版 移动联通电信4G手机 双卡双待手机 双卡双待",
    "originalPrice": 4288.00,
    "stock": 1000,
    "lowStock": 12312,
    "unit": "件",
    "weight": 0.00,
    "previewStatus": 1,
    "serviceIds": "2,3,1",
    "keywords": "",
    "note": "",
    "albumPics": "http://macro-oss.oss-cn-shenzhen.aliyuncs.com/mall/images/20180607/5ab46a3cN616bdc41.jpg,http://macro-oss.oss-cn-shenzhen.aliyuncs.com/mall/images/20180607/5ac1bf5fN2522b9dc.jpg",
    "detailTitle": "",
    "promotionStartTime": null,
    "promotionEndTime": null,
    "promotionPerLimit": 0,
    "promotionType": 1,
    "brandName": "华为",
    "productCategoryName": "手机通讯",
    "description": null,
    "detailDesc": null,
    "detailHtml": null,
    "detailMobileHtml": null
  }, {
    "id": "INSDFSF123",
    "brandId": 3,
    "productCategoryId": 19,
    "feightTemplateId": 0,
    "productAttributeCategoryId": 3,
    "name": "支路无异常 ",
    "pic": "运行",
    "productSn": "1231",
    "deleteStatus": 0,
    "publishStatus": 1,
    "newStatus": 1,
    "recommandStatus": 1,
    "verifyStatus": 0,
    "sort": 100,
    "sale": 0,
    "price": 88.21,
    "status":"12%",
    "promotionPrice": null,
    "giftGrowth": 3788,
    "giftPoint": 3788,
    "usePointLimit": 0,
    "subTitle": "AI智慧全面屏 6GB +64GB 亮黑色 全网通版 移动联通电信4G手机 双卡双待手机 双卡双待",
    "originalPrice": 4288.00,
    "stock": 1000,
    "lowStock": 12312,
    "unit": "件",
    "weight": 0.00,
    "previewStatus": 1,
    "serviceIds": "2,3,1",
    "keywords": "",
    "note": "",
    "albumPics": "http://macro-oss.oss-cn-shenzhen.aliyuncs.com/mall/images/20180607/5ab46a3cN616bdc41.jpg,http://macro-oss.oss-cn-shenzhen.aliyuncs.com/mall/images/20180607/5ac1bf5fN2522b9dc.jpg",
    "detailTitle": "",
    "promotionStartTime": null,
    "promotionEndTime": null,
    "promotionPerLimit": 0,
    "promotionType": 1,
    "brandName": "华为",
    "productCategoryName": "手机通讯",
    "description": null,
    "detailDesc": null,
    "detailHtml": null,
    "detailMobileHtml": null
  }, {
    "id": "INSDFSF123",
    "brandId": 3,
    "productCategoryId": 19,
    "feightTemplateId": 0,
    "productAttributeCategoryId": 3,
    "name": "支路无异常 ",
    "pic": "运行",
    "productSn": "1231",
    "deleteStatus": 0,
    "publishStatus": 1,
    "newStatus": 1,
    "recommandStatus": 1,
    "verifyStatus": 0,
    "sort": 100,
    "sale": 0,
    "price": 88.21,
    "status":"12%",
    "promotionPrice": null,
    "giftGrowth": 3788,
    "giftPoint": 3788,
    "usePointLimit": 0,
    "subTitle": "AI智慧全面屏 6GB +64GB 亮黑色 全网通版 移动联通电信4G手机 双卡双待手机 双卡双待",
    "originalPrice": 4288.00,
    "stock": 1000,
    "lowStock": 12312,
    "unit": "件",
    "weight": 0.00,
    "previewStatus": 1,
    "serviceIds": "2,3,1",
    "keywords": "",
    "note": "",
    "albumPics": "http://macro-oss.oss-cn-shenzhen.aliyuncs.com/mall/images/20180607/5ab46a3cN616bdc41.jpg,http://macro-oss.oss-cn-shenzhen.aliyuncs.com/mall/images/20180607/5ac1bf5fN2522b9dc.jpg",
    "detailTitle": "",
    "promotionStartTime": null,
    "promotionEndTime": null,
    "promotionPerLimit": 0,
    "promotionType": 1,
    "brandName": "华为",
    "productCategoryName": "手机通讯",
    "description": null,
    "detailDesc": null,
    "detailHtml": null,
    "detailMobileHtml": null
  }, {
    "id": "INSDFSF123",
    "brandId": 3,
    "productCategoryId": 19,
    "feightTemplateId": 0,
    "productAttributeCategoryId": 3,
    "name": "支路无异常 ",
    "pic": "运行",
    "productSn": "1231",
    "deleteStatus": 0,
    "publishStatus": 1,
    "newStatus": 1,
    "recommandStatus": 1,
    "verifyStatus": 0,
    "sort": 100,
    "sale": 0,
    "price": 88.21,
    "status":"12%",
    "promotionPrice": null,
    "giftGrowth": 3788,
    "giftPoint": 3788,
    "usePointLimit": 0,
    "subTitle": "AI智慧全面屏 6GB +64GB 亮黑色 全网通版 移动联通电信4G手机 双卡双待手机 双卡双待",
    "originalPrice": 4288.00,
    "stock": 1000,
    "lowStock": 12312,
    "unit": "件",
    "weight": 0.00,
    "previewStatus": 1,
    "serviceIds": "2,3,1",
    "keywords": "",
    "note": "",
    "albumPics": "http://macro-oss.oss-cn-shenzhen.aliyuncs.com/mall/images/20180607/5ab46a3cN616bdc41.jpg,http://macro-oss.oss-cn-shenzhen.aliyuncs.com/mall/images/20180607/5ac1bf5fN2522b9dc.jpg",
    "detailTitle": "",
    "promotionStartTime": null,
    "promotionEndTime": null,
    "promotionPerLimit": 0,
    "promotionType": 1,
    "brandName": "华为",
    "productCategoryName": "手机通讯",
    "description": null,
    "detailDesc": null,
    "detailHtml": null,
    "detailMobileHtml": null
  }, {
    "id": "INSDFSF123",
    "brandId": 3,
    "productCategoryId": 19,
    "feightTemplateId": 0,
    "productAttributeCategoryId": 3,
    "name": "支路无异常 ",
    "pic": "运行",
    "productSn": "1231",
    "deleteStatus": 0,
    "publishStatus": 1,
    "newStatus": 1,
    "recommandStatus": 1,
    "verifyStatus": 0,
    "sort": 100,
    "sale": 0,
    "price": 88.21,
    "status":"12%",
    "promotionPrice": null,
    "giftGrowth": 3788,
    "giftPoint": 3788,
    "usePointLimit": 0,
    "subTitle": "AI智慧全面屏 6GB +64GB 亮黑色 全网通版 移动联通电信4G手机 双卡双待手机 双卡双待",
    "originalPrice": 4288.00,
    "stock": 1000,
    "lowStock": 12312,
    "unit": "件",
    "weight": 0.00,
    "previewStatus": 1,
    "serviceIds": "2,3,1",
    "keywords": "",
    "note": "",
    "albumPics": "http://macro-oss.oss-cn-shenzhen.aliyuncs.com/mall/images/20180607/5ab46a3cN616bdc41.jpg,http://macro-oss.oss-cn-shenzhen.aliyuncs.com/mall/images/20180607/5ac1bf5fN2522b9dc.jpg",
    "detailTitle": "",
    "promotionStartTime": null,
    "promotionEndTime": null,
    "promotionPerLimit": 0,
    "promotionType": 1,
    "brandName": "华为",
    "productCategoryName": "手机通讯",
    "description": null,
    "detailDesc": null,
    "detailHtml": null,
    "detailMobileHtml": null
  },
 {
    "id": "INSDFSF123",
    "brandId": 3,
    "productCategoryId": 19,
    "feightTemplateId": 0,
    "productAttributeCategoryId": 3,
    "name": "支路无异常 ",
    "pic": "运行",
    "productSn": "1231",
    "deleteStatus": 0,
    "publishStatus": 1,
    "newStatus": 1,
    "recommandStatus": 1,
    "verifyStatus": 0,
    "sort": 100,
    "sale": 0,
    "price": 88.21,
    "status":"12%",
    "promotionPrice": null,
    "giftGrowth": 3788,
    "giftPoint": 3788,
    "usePointLimit": 0,
    "subTitle": "AI智慧全面屏 6GB +64GB 亮黑色 全网通版 移动联通电信4G手机 双卡双待手机 双卡双待",
    "originalPrice": 4288.00,
    "stock": 1000,
    "lowStock": 12312,
    "unit": "件",
    "weight": 0.00,
    "previewStatus": 1,
    "serviceIds": "2,3,1",
    "keywords": "",
    "note": "",
    "albumPics": "http://macro-oss.oss-cn-shenzhen.aliyuncs.com/mall/images/20180607/5ab46a3cN616bdc41.jpg,http://macro-oss.oss-cn-shenzhen.aliyuncs.com/mall/images/20180607/5ac1bf5fN2522b9dc.jpg",
    "detailTitle": "",
    "promotionStartTime": null,
    "promotionEndTime": null,
    "promotionPerLimit": 0,
    "promotionType": 1,
    "brandName": "华为",
    "productCategoryName": "手机通讯",
    "description": null,
    "detailDesc": null,
    "detailHtml": null,
    "detailMobileHtml": null
  },
 {
    "id": "INSDFSF123",
    "brandId": 3,
    "productCategoryId": 19,
    "feightTemplateId": 0,
    "productAttributeCategoryId": 3,
    "name": "支路无异常 ",
    "pic": "运行",
    "productSn": "1231",
    "deleteStatus": 0,
    "publishStatus": 1,
    "newStatus": 1,
    "recommandStatus": 1,
    "verifyStatus": 0,
    "sort": 100,
    "sale": 0,
    "price": 88.21,
    "status":"12%",
    "promotionPrice": null,
    "giftGrowth": 3788,
    "giftPoint": 3788,
    "usePointLimit": 0,
    "subTitle": "AI智慧全面屏 6GB +64GB 亮黑色 全网通版 移动联通电信4G手机 双卡双待手机 双卡双待",
    "originalPrice": 4288.00,
    "stock": 1000,
    "lowStock": 12312,
    "unit": "件",
    "weight": 0.00,
    "previewStatus": 1,
    "serviceIds": "2,3,1",
    "keywords": "",
    "note": "",
    "albumPics": "http://macro-oss.oss-cn-shenzhen.aliyuncs.com/mall/images/20180607/5ab46a3cN616bdc41.jpg,http://macro-oss.oss-cn-shenzhen.aliyuncs.com/mall/images/20180607/5ac1bf5fN2522b9dc.jpg",
    "detailTitle": "",
    "promotionStartTime": null,
    "promotionEndTime": null,
    "promotionPerLimit": 0,
    "promotionType": 1,
    "brandName": "华为",
    "productCategoryName": "手机通讯",
    "description": null,
    "detailDesc": null,
    "detailHtml": null,
    "detailMobileHtml": null
  },
   {
    "id": "INSDFSF123",
    "brandId": 3,
    "productCategoryId": 19,
    "feightTemplateId": 0,
    "productAttributeCategoryId": 3,
    "name": "支路无异常 ",
    "pic": "运行",
    "productSn": "1231",
    "deleteStatus": 0,
    "publishStatus": 1,
    "newStatus": 1,
    "recommandStatus": 1,
    "verifyStatus": 0,
    "sort": 100,
    "sale": 0,
    "price": 88.21,
    "status":"12%",
    "promotionPrice": null,
    "giftGrowth": 3788,
    "giftPoint": 3788,
    "usePointLimit": 0,
    "subTitle": "AI智慧全面屏 6GB +64GB 亮黑色 全网通版 移动联通电信4G手机 双卡双待手机 双卡双待",
    "originalPrice": 4288.00,
    "stock": 1000,
    "lowStock": 12312,
    "unit": "件",
    "weight": 0.00,
    "previewStatus": 1,
    "serviceIds": "2,3,1",
    "keywords": "",
    "note": "",
    "albumPics": "http://macro-oss.oss-cn-shenzhen.aliyuncs.com/mall/images/20180607/5ab46a3cN616bdc41.jpg,http://macro-oss.oss-cn-shenzhen.aliyuncs.com/mall/images/20180607/5ac1bf5fN2522b9dc.jpg",
    "detailTitle": "",
    "promotionStartTime": null,
    "promotionEndTime": null,
    "promotionPerLimit": 0,
    "promotionType": 1,
    "brandName": "华为",
    "productCategoryName": "手机通讯",
    "description": null,
    "detailDesc": null,
    "detailHtml": null,
    "detailMobileHtml": null
  },
{
    "id": "INSDFSF123",
    "brandId": 3,
    "productCategoryId": 19,
    "feightTemplateId": 0,
    "productAttributeCategoryId": 3,
    "name": "支路无异常 ",
    "pic": "运行",
    "productSn": "1231",
    "deleteStatus": 0,
    "publishStatus": 1,
    "newStatus": 1,
    "recommandStatus": 1,
    "verifyStatus": 0,
    "sort": 100,
    "sale": 0,
    "price": 88.21,
    "status":"12%",
    "promotionPrice": null,
    "giftGrowth": 3788,
    "giftPoint": 3788,
    "usePointLimit": 0,
    "subTitle": "AI智慧全面屏 6GB +64GB 亮黑色 全网通版 移动联通电信4G手机 双卡双待手机 双卡双待",
    "originalPrice": 4288.00,
    "stock": 1000,
    "lowStock": 12312,
    "unit": "件",
    "weight": 0.00,
    "previewStatus": 1,
    "serviceIds": "2,3,1",
    "keywords": "",
    "note": "",
    "albumPics": "http://macro-oss.oss-cn-shenzhen.aliyuncs.com/mall/images/20180607/5ab46a3cN616bdc41.jpg,http://macro-oss.oss-cn-shenzhen.aliyuncs.com/mall/images/20180607/5ac1bf5fN2522b9dc.jpg",
    "detailTitle": "",
    "promotionStartTime": null,
    "promotionEndTime": null,
    "promotionPerLimit": 0,
    "promotionType": 1,
    "brandName": "华为",
    "productCategoryName": "手机通讯",
    "description": null,
    "detailDesc": null,
    "detailHtml": null,
    "detailMobileHtml": null
  }]
}