{
  "code": 0,
  "msg": "",
  "count": 10,
  "data": [{
    "id": 1,
    "parentId": 0,
    "name": "服装",
    "level": 0,
    "productCount": 100,
    "productUnit": "件",
    "navStatus": 1,
    "showStatus": 1,
    "sort": 1,
    "icon": null,
    "keywords": "服装",
    "description": null
  }, {
    "id": 2,
    "parentId": 0,
    "name": "手机数码",
    "level": 0,
    "productCount": 100,
    "productUnit": "件",
    "navStatus": 1,
    "showStatus": 1,
    "sort": 1,
    "icon": null,
    "keywords": "手机数码",
    "description": null
  }, {
    "id": 3,
    "parentId": 0,
    "name": "家用电器",
    "level": 0,
    "productCount": 100,
    "productUnit": "件",
    "navStatus": 1,
    "showStatus": 1,
    "sort": 1,
    "icon": null,
    "keywords": "家用电器",
    "description": null
  }, {
    "id": 4,
    "parentId": 0,
    "name": "家具家装",
    "level": 0,
    "productCount": 100,
    "productUnit": "件",
    "navStatus": 1,
    "showStatus": 1,
    "sort": 1,
    "icon": null,
    "keywords": "家具家装",
    "description": null
  }, {
    "id": 5,
    "parentId": 0,
    "name": "汽车用品",
    "level": 0,
    "productCount": 100,
    "productUnit": "件",
    "navStatus": 1,
    "showStatus": 1,
    "sort": 1,
    "icon": null,
    "keywords": "汽车用品",
    "description": null
  }]
}