{
	"code":0,
	"msg":"",
	"count":10,
	"data":[{
		"userId":"1123123",
		"userAccount":"1",
		"userName":"李大头",
		"loginTime":"2019-04-17 15:20",
		"ip":"192.168.1.66",
		"region":"重庆市"
	},{
		"userId":"1123123",
		"userAccount":"2",
		"userName":"李大头",
		"loginTime":"2019-04-17 15:20",
		"ip":"192.168.1.66",
		"region":"重庆市"
	},{
		"userId":"1123123",
		"userAccount":"3",
		"userName":"李大头",
		"loginTime":"2019-04-17 15:20",
		"ip":"192.168.1.66",
		"region":"重庆市"
	},{
		"userId":"1123123",
		"userAccount":"4",
		"userName":"李大头",
		"loginTime":"2019-04-17 15:20",
		"ip":"192.168.1.66",
		"region":"重庆市"
	},{
		"userId":"1123123",
		"userAccount":"5",
		"userName":"李大头",
		"loginTime":"2019-04-17 15:20",
		"ip":"192.168.1.66",
		"region":"重庆市"
	},{
		"userId":"1123123",
		"userAccount":"6",
		"userName":"李大头",
		"loginTime":"2019-04-17 15:20",
		"ip":"192.168.1.66",
		"region":"重庆市"
	},{
		"userId":"1123123",
		"userAccount":"7",
		"userName":"李大头",
		"loginTime":"2019-04-17 15:20",
		"ip":"192.168.1.66",
		"region":"重庆市"
	},{
		"userId":"1123123",
		"userAccount":"8",
		"userName":"李大头",
		"loginTime":"2019-04-17 15:20",
		"ip":"192.168.1.66",
		"region":"重庆市"
	},{
		"userId":"1123123",
		"userAccount":"9",
		"userName":"李大头",
		"loginTime":"2019-04-17 15:20",
		"ip":"192.168.1.66",
		"region":"重庆市"
	},{
		"userId":"1123123",
		"userAccount":"10",
		"userName":"李大头",
		"loginTime":"2019-04-17 15:20",
		"ip":"192.168.1.66",
		"region":"重庆市"
	}]
}