{
	"code":0,
	"msg":"",
	"count":10,
	"data":[
		{"memberId":"001","memberAccount":10001,"memberName":"user-1","memberPhone":"13688886666","memberAddress":"重庆","memberLevel":"1"},
		{"memberId":"002","memberAccount":10002,"memberName":"user-2","memberPhone":"13688886666","memberAddress":"重庆","memberLevel":"1"},
		{"memberId":"003","memberAccount":10003,"memberName":"user-3","memberPhone":"13688886666","memberAddress":"重庆","memberLevel":"1"},
		{"memberId":"004","memberAccount":10004,"memberName":"user-4","memberPhone":"13688886666","memberAddress":"重庆","memberLevel":"1"},
		{"memberId":"005","memberAccount":10005,"memberName":"user-5","memberPhone":"13688886666","memberAddress":"重庆","memberLevel":"1"},
		{"memberId":"006","memberAccount":10006,"memberName":"user-6","memberPhone":"13688886666","memberAddress":"重庆","memberLevel":"1"},
		{"memberId":"007","memberAccount":10007,"memberName":"user-7","memberPhone":"13688886666","memberAddress":"重庆","memberLevel":"1"},
		{"memberId":"008","memberAccount":10008,"memberName":"user-8","memberPhone":"13688886666","memberAddress":"重庆","memberLevel":"1"},
		{"memberId":"009","memberAccount":10009,"memberName":"user-9","memberPhone":"13688886666","memberAddress":"重庆","memberLevel":"1"},
		{"memberId":"010","memberAccount":10010,"memberName":"user-10","memberPhone":"13688886666","memberAddress":"重庆","memberLevel":"1"}
	]
}