{
	"code":0,
	"msg":"",
	"count":7,
	"data":[{
		"messageId":"001",
		"sessionId":"1123123",
		"messageName":"张大人",
		"messageTel":"13666666688",
		"messageContent":"IPTV电视端加入“学习强国”重庆学习平台打开电视就学习 老党员们都说好",
		"messageAddress":"重庆市南岸区",
		"messageTime":"2019-04-17 15:30",
		"ip":"192.168.1.66",
		"region":"重庆市",
		"read":0
	},{
		"messageId":"002",
		"sessionId":"112312312312",
		"messageName":"李大人",
		"messageTel":"13666666688",
		"messageContent":"医生提醒，感冒、上火可能都会引起嗓子哑，一般短期可以恢复。但若出现长期慢性的声音嘶哑，切不可掉以轻心，如果明显的声音嘶哑持续数周，则需及时到医院找专科医生就诊，排除严重器质性疾病的可能性。",
		"messageAddress":"重庆市南岸区",
		"messageTime":"2019-04-17 15:30",
		"ip":"192.168.1.66",
		"region":"重庆市",
		"read":0
	},{
		"messageId":"003",
		"sessionId":"987981651",
		"messageName":"关大人",
		"messageTel":"13666666688",
		"messageContent":"过度劳累，饮食辛辣物刺激，上呼吸道感染、身体其他部位的病变、以及嗓音使用过度或使用方法不当等，都比较容易导致嗓音疾病。”嗓音中心主任、咽喉科医生马玉龙介绍，教师、歌手、接线员、播音员、窗口行业人员等职业，由于工作关系长期用嗓过度，特别需要注意嗓音的保养与保护。",
		"messageAddress":"重庆市南岸区",
		"messageTime":"2019-04-17 15:30",
		"ip":"192.168.1.66",
		"region":"重庆市",
		"read":0
	},{
		"messageId":"004",
		"sessionId":"112312312312",
		"messageName":"贾大人",
		"messageTel":"13666666688",
		"messageContent":"全面建成小康社会，最艰巨的任务是脱贫攻坚。当前，重庆脱贫攻坚工作已经进入全面冲刺、决战决胜的关键阶段。为打赢脱贫攻坚战，重庆正全力以赴、攻坚克难。华龙网-新重庆客户端推出“脱贫攻坚进行时——学论述抓整改促落实”系列报道，首先推出“脱贫路上有你”子栏目，来看驻村第一书记、基层干部如何扎根扶贫一线，整合资源、科学施策、构建多元化脱贫路径。",
		"messageAddress":"重庆市南岸区",
		"messageTime":"2019-04-17 15:30",
		"ip":"192.168.1.66",
		"region":"重庆市",
		"read":1
	},{
		"messageId":"005",
		"sessionId":"112312312312",
		"messageName":"王大人",
		"messageTel":"13666666688",
		"messageContent":"海报1",
		"messageAddress":"重庆市南岸区",
		"messageTime":"2019-04-17 15:30",
		"ip":"192.168.1.66",
		"region":"重庆市",
		"read":1
	},{
		"messageId":"006",
		"sessionId":"112312312312",
		"messageName":"肖大人",
		"messageTel":"13666666688",
		"messageContent":"海报1",
		"messageAddress":"重庆市南岸区",
		"messageTime":"2019-04-17 15:30",
		"ip":"192.168.1.66",
		"region":"重庆市",
		"read":1
	},{
		"messageId":"007",
		"sessionId":"112312312312",
		"messageName":"张大人",
		"messageTel":"13666666688",
		"messageContent":"海报1",
		"messageAddress":"重庆市南岸区",
		"messageTime":"2019-04-17 15:30",
		"ip":"192.168.1.66",
		"region":"重庆市",
		"read":1
	}]
}