{
	"code":0,
	"msg":"",
	"count":1,
	"data":[{
		"id":"001",
		"category":1,
		"show":1,
		"title":"新闻标题1",
		"subTitle":"副新闻标题1",
		"author":"网络",
		"source":"百度",
		"publisher":"管理员",
		"content":"百度新闻内容1",
		"visitor":20,
		"member":10,
		"time":"2018-8-13 15:50",
		"titleSeo":"今日新闻",
		"subTitleSeo":"重庆市首个“全民健身月”系列活动启动",
		"describeSeo":"本次启动仪式结合国家六部委关于广泛推广普及广播体操的通知精神，现场举行了重庆市第九届全民健身运动会的广播体操展演及比赛。共有来自市级单位27支队伍和区县11支队伍的近1200名运动员参加比赛。"
	}]
}