{
	"code":0,
	"msg":"",
	"count":5,
	"data":[{
		"id":"001",
		"category":1,
		"show":1,
		"title":"新闻标题1",
		"subTitle":"副新闻标题1",
		"author":"网络",
		"source":"百度",
		"publisher":"管理员",
		"content":"百度新闻内容1",
		"visitor":20,
		"member":10,
		"time":"2018-8-13 15:50"
	},{
		"id":"002",
		"category":1,
		"show":1,
		"title":"新闻标题2",
		"subTitle":"副新闻标题2",
		"author":"网络",
		"source":"百度",
		"publisher":"管理员",
		"content":"百度新闻内容2",
		"visitor":20,
		"member":10,
		"time":"2018-8-13 15:50"
	},{
		"id":"003",
		"category":1,
		"show":0,
		"title":"新闻标题3",
		"subTitle":"副新闻标题3",
		"author":"网络",
		"source":"百度",
		"publisher":"管理员",
		"content":"百度新闻内容3",
		"visitor":20,
		"member":10,
		"time":"2018-8-13 15:50"
	},{
		"id":"004",
		"category":1,
		"show":0,
		"title":"新闻标题4",
		"subTitle":"副新闻标题4",
		"author":"网络",
		"source":"百度",
		"publisher":"管理员",
		"content":"百度新闻内容4",
		"visitor":20,
		"member":10,
		"time":"2018-8-13 15:50"
	},{
		"id":"005",
		"category":1,
		"show":0,
		"title":"新闻标题5",
		"subTitle":"副新闻标题5",
		"author":"网络",
		"source":"百度",
		"publisher":"管理员",
		"content":"百度新闻内容5",
		"visitor":20,
		"member":10,
		"time":"2018-8-13 15:50"
	}]
}