{
	"code":0,
	"msg":"",
	"count":7,
	"data":[{
		"userId":"1123123",
		"operationPage":"index",
		"operationType":"修改",
		"operationTime":"2019-04-17 15:20",
		"ip":"192.168.1.66",
		"region":"重庆市"
	},{
		"userId":"1123123",
		"operationPage":"news1",
		"operationType":"修改",
		"operationTime":"2019-04-17 15:20",
		"ip":"192.168.1.66",
		"region":"重庆市"
	},{
		"userId":"1123123",
		"operationPage":"new2",
		"operationType":"修改",
		"operationTime":"2019-04-17 15:20",
		"ip":"192.168.1.66",
		"region":"重庆市"
	},{
		"userId":"1123123",
		"operationPage":"index",
		"operationType":"修改",
		"operationTime":"2019-04-17 15:20",
		"ip":"192.168.1.66",
		"region":"重庆市"
	},{
		"userId":"1123123",
		"operationPage":"index",
		"operationType":"修改",
		"operationTime":"2019-04-17 15:20",
		"ip":"192.168.1.66",
		"region":"重庆市"
	},{
		"userId":"1123123",
		"operationPage":"index",
		"operationType":"修改",
		"operationTime":"2019-04-17 15:20",
		"ip":"192.168.1.66",
		"region":"重庆市"
	},{
		"userId":"1123123",
		"operationPage":"index",
		"operationType":"修改",
		"operationTime":"2019-04-17 15:20",
		"ip":"192.168.1.66",
		"region":"重庆市"
	}]
}