{
	"code":0,
	"msg":"",
	"count":5,
	"data":[{
		"id":"001",
		"category":1,
		"show":1,
		"level":0,
		"title":"产品名称1",
		"subTitle":"产品简介1",
		"cover":"../../../upload/case02-2.jpg",
		"author":"网络",
		"source":"百度",
		"publisher":"管理员",
		"content":"产品内容1",
		"visitor":20,
		"member":10,
		"time":"2018-8-13 15:50"
	},{
		"id":"002",
		"category":1,
		"show":1,
		"level":0,
		"title":"产品名称2",
		"subTitle":"产品简介12",
		"cover":"../../../upload/case02-2.jpg",
		"author":"网络",
		"source":"百度",
		"publisher":"管理员",
		"content":"产品内容2",
		"visitor":20,
		"member":10,
		"time":"2018-8-13 15:50"
	},{
		"id":"003",
		"category":1,
		"show":0,
		"level":0,
		"title":"产品名称",
		"subTitle":"产品简介13",
		"cover":"../../../upload/case02-2.jpg",
		"author":"网络",
		"source":"百度",
		"publisher":"管理员",
		"content":"产品内容3",
		"visitor":20,
		"member":10,
		"time":"2018-8-13 15:50"
	},{
		"id":"004",
		"category":1,
		"show":0,
		"level":0,
		"title":"产品名称4",
		"subTitle":"产品简介14",
		"cover":"../../../upload/case02-2.jpg",
		"author":"网络",
		"source":"百度",
		"publisher":"管理员",
		"content":"产品内容4",
		"visitor":20,
		"member":10,
		"time":"2018-8-13 15:50"
	},{
		"id":"005",
		"category":1,
		"show":0,
		"level":0,
		"title":"产品名称5",
		"subTitle":"产品简介15",
		"cover":"../../../upload/case02-2.jpg",
		"author":"网络",
		"source":"百度",
		"publisher":"管理员",
		"content":"产品内容5",
		"visitor":20,
		"member":10,
		"time":"2018-8-13 15:50"
	}]
}