{
	"code":0,
	"msg":"",
	"count":11,
	"data":[{
		"powerId":"0",
		"powerName":"网站信息"
	},{
		"powerId":"1",
		"powerName":"导航设置"
	},{
		"powerId":"2",
		"powerName":"文章管理"
	},{
		"powerId":"3",
		"powerName":"产品管理"
	},{
		"powerId":"4",
		"powerName":"海报管理"
	},{
		"powerId":"5",
		"powerName":"留言管理"
	},{
		"powerId":"6",
		"powerName":"账号管理"
	},{
		"powerId":"7",
		"powerName":"会员管理"
	},{
		"powerId":"8",
		"powerName":"第三方脚本"
	},{
		"powerId":"9",
		"powerName":"操作日志"
	},{
		"powerId":"10",
		"powerName":"访问日志"
	}]
}