{
	"code":0,
	"msg":"",
	"count":3,
	"data":[{
		"roleId":"1",
		"roleName":"超级管理员",
		"rolePower":"网站信息-导航设置-文章管理-产品管理-海报管理-留言管理-账号管理-会员管理-第三方脚本-操作日志-访问日志"
	},{
		"roleId":"2",
		"roleName":"系统管理员",
		"rolePower":"网站信息-导航设置-文章管理-产品管理-海报管理-留言管理-账号管理-会员管理-第三方脚本-操作日志-访问日志"
	},{
		"roleId":"3",
		"roleName":"普通管理员",
		"rolePower":"文章管理-产品管理-海报管理-留言管理-第三方脚本"
	}]
}