{
	"code":0,
	"msg":"",
	"count":10,
	"data":[
		{"teacherId":"001","teacherName":"王老师"},
		{"teacherId":"002","teacherName":"张老师"},
		{"teacherId":"003","teacherName":"李老师"},
		{"teacherId":"004","teacherName":"洪老师"},
		{"teacherId":"005","teacherName":"军老师"},
		{"teacherId":"006","teacherName":"龙老师"},
		{"teacherId":"007","teacherName":"德老师"},
		{"teacherId":"008","teacherName":"宋老师"},
		{"teacherId":"009","teacherName":"方老师"},
		{"teacherId":"010","teacherName":"飞老师"}
	]
}