{
	"code":0,
	"msg":"",
	"count":10,
	"data":[
		{"userId":"001","userAccount":10001,"userName":"user-1","userPhone":"13688886666","userRole":"1"},
		{"userId":"002","userAccount":10002,"userName":"user-2","userPhone":"13688886666","userRole":"1"},
		{"userId":"003","userAccount":10003,"userName":"user-3","userPhone":"13688886666","userRole":"1"},
		{"userId":"004","userAccount":10004,"userName":"user-4","userPhone":"13688886666","userRole":"1"},
		{"userId":"005","userAccount":10005,"userName":"user-5","userPhone":"13688886666","userRole":"1"},
		{"userId":"006","userAccount":10006,"userName":"user-6","userPhone":"13688886666","userRole":"1"},
		{"userId":"007","userAccount":10007,"userName":"user-7","userPhone":"13688886666","userRole":"1"},
		{"userId":"008","userAccount":10008,"userName":"user-8","userPhone":"13688886666","userRole":"1"},
		{"userId":"009","userAccount":10009,"userName":"user-9","userPhone":"13688886666","userRole":"1"},
		{"userId":"010","userAccount":10010,"userName":"user-10","userPhone":"13688886666","userRole":"1"}
	]
}